Adinolfi; Wilson  K;10026;Production Technician I;07.10.1983;M ;Single;07.05.2011;Production       ;Michael Albert;22
Ait Sidi; Karthikeyan   ;10084;Sr. DBA;05.05.1975;M ;Married;3/30/2015;IT/IS;Simon Roup;4
Akinkuolie; Sarah;10196;Production Technician II;09/19/88;F;Married;07.05.2011;Production       ;Kissy Sullivan;20
Alagbe;Trina;10088;Production Technician I;09/27/88;F;Married;01.07.2008;Production       ;Elijiah Gray;16
Anderson; Carol ;10069;Production Technician I;09.08.1989;F;Divorced;07.11.2011;Production       ;Webster Butler;39
Anderson; Linda  ;10002;Production Technician I;05/22/77;F;Single;01.09.2012;Production       ;Amy Dunn;11
Andreola; Colby;10194;Software Engineer;05/24/79;F;Single;11.10.2014;Software Engineering;Alex Sweetwater;10
Athwal; Sam;10062;Production Technician I;02/18/83;M ;Widowed;9/30/2013;Production       ;Ketsia Liebig;19
Bachiochi; Linda;10114;Production Technician I;02.11.1970;F;Single;07.06.2009;Production       ;Brannon Miller;12
Bacong; Alejandro ;10250;IT Support;01.07.1988;M ;Divorced;01.05.2015;IT/IS;Peter Monroe;7
Baczenski; Rachael  ;10252;Production Technician I;01.12.1974;F;Married;01.10.2011;Production       ;David Stanley;14
Barbara; Thomas;10242;Production Technician I;02/21/74;M ;Married;04.02.2012;Production       ;Kissy Sullivan;20
Barbossa; Hector;10012;Data Analyst;07.04.1988;M ;Divorced;11.10.2014;IT/IS;Simon Roup;4
Barone; Francesco  A;10265;Production Technician I;07/20/83;M ;Single;2/20/2012;Production       ;Kelley Spirea;18
Barton; Nader;10066;Production Technician I;07/15/77;M ;Divorced;9/24/2012;Production       ;Michael Albert;22
Bates; Norman;10061;Production Technician I;10/18/81;M ;Single;2/21/2011;Production       ;Kelley Spirea;18
Beak; Kimberly  ;10023;Production Technician II;04/17/66;F;Married;7/21/2016;Production       ;Kelley Spirea;18
Beatrice; Courtney ;10055;Production Technician I;10/27/70;F;Single;04.04.2011;Production       ;Elijiah Gray;16
Becker; Renee;10245;Database Administrator;04.04.1986;F;Single;07.07.2014;IT/IS;Simon Roup;4
Becker; Scott;10277;Production Technician I;04.06.1979;M ;Single;07.08.2013;Production       ;Webster Butler;
Bernstein; Sean;10046;Production Technician I;12/22/70;M ;Single;04.02.2012;Production       ;Amy Dunn;11
Biden; Lowan  M;10226;Production Technician I;12/27/58;F;Divorced;8/19/2013;Production       ;Ketsia Liebig;19
Billis; Helen;10003;Production Technician I;09.01.1989;F;Married;07.07.2014;Production       ;Brannon Miller;12
Blount; Dianna;10294;Production Technician II;09/21/90;F;Single;04.04.2011;Production       ;Michael Albert;22
Bondwell; Betsy;10267;Production Technician II;01/16/67;F;Single;01.10.2011;Production       ;Elijiah Gray;16
Booth; Frank;10199;Enterprise Architect;07/30/64;M ;Single;2/17/2014;IT/IS;Simon Roup;4
Boutwell; Bonalyn;10081;Sr. Accountant;04.04.1987;F;Married;2/16/2015;Admin Offices;Brandon R. LeBlanc;3
Bozzi; Charles;10175;Production Manager;03.10.1970;M ;Single;9/30/2013;Production       ;Janet King;2
Brill; Donna;10177;Production Technician I;08/24/90;F;Married;04.02.2012;Production       ;David Stanley;14
Brown; Mia;10238;Accountant I;11/24/87;F;Married;10/27/2008;Admin Offices;Brandon R. LeBlanc;1
Buccheri; Joseph  ;10184;Production Technician II;07/28/83;M ;Single;9/29/2014;Production       ;Webster Butler;
Bugali; Josephine ;10203;Production Technician I;10/30/69;F;Separated;11.11.2013;Production       ;Kissy Sullivan;20
Bunbury; Jessica;10188;Area Sales Manager;06.01.1964;F;Married;8/15/2011;Sales;John Smith;17
Burke; Joelle;10107;Production Technician II;03.02.1980;F;Single;03.05.2012;Production       ;Amy Dunn;11
Burkett; Benjamin ;10181;Production Technician II;08/19/77;M ;Married;04.04.2011;Production       ;Ketsia Liebig;19
Cady; Max ;10150;Software Engineering Manager;11/22/66;M ;Single;8/15/2011;Software Engineering;Jennifer Zamora;5
Candie; Calvin;10001;Production Manager;08.09.1983;M ;Single;1/28/2016;Production       ;Janet King;2
Carabbio; Judith;10085;Software Engineer;04.05.1987;F;Single;11.11.2013;Software Engineering;Alex Sweetwater;10
Carey; Michael  ;10115;Production Technician I;02.02.1983;M ;Single;3/31/2014;Production       ;Kelley Spirea;18
Carr; Claudia  N;10082;Sr. DBA;06.06.1986;F;Single;6/30/2016;IT/IS;Simon Roup;4
Carter; Michelle ;10040;Area Sales Manager;05/15/63;F;Single;8/18/2014;Sales;John Smith;17
Chace; Beatrice ;10067;Production Technician I;01.02.1951;F;Single;9/29/2014;Production       ;Michael Albert;22
Champaigne; Brian;10108;BI Director;02.09.1972;M ;Married;09.06.2016;IT/IS;Jennifer Zamora;5
Chan; Lin;10210;Production Technician I;02.12.1979;F;Single;05.12.2014;Production       ;Elijiah Gray;16
Chang; Donovan  E;10154;Production Technician I;08/24/83;M ;Single;07.08.2013;Production       ;Webster Butler;
Chigurh; Anton;10200;Area Sales Manager;06.11.1970;M ;Single;5/14/2012;Sales;Lynn Daneault;21
Chivukula; Enola;10240;Production Technician I;08/27/83;F;Single;6/27/2011;Production       ;Amy Dunn;11
Cierpiszewski; Caroline  ;10168;Production Technician I;05/31/88;F;Single;10.03.2011;Production       ;Ketsia Liebig;19
Clayton; Rick;10220;IT Support;09.05.1985;M ;Single;09.05.2012;IT/IS;Eric Dougall;6
Cloninger; Jennifer;10275;Production Technician II;08/31/81;F;Married;5/16/2011;Production       ;Brannon Miller;12
Close; Phil;10269;Production Technician II;11/25/78;M ;Married;8/30/2010;Production       ;David Stanley;14
Clukey; Elijian;10029;Production Technician I;08/26/80;M ;Married;07.06.2016;Production       ;Brannon Miller;12
Cockel; James;10261;Production Technician I;09.08.1977;M ;Single;07.08.2013;Production       ;David Stanley;14
Cole; Spencer;10292;Production Technician I;08.12.1979;M ;Single;07.11.2011;Production       ;Kissy Sullivan;20
Corleone; Michael;10282;Production Manager;12/17/75;M ;Divorced;7/20/2010;Production       ;Janet King;2
Corleone; Vito;10019;Director of Operations;03/19/83;M ;Single;01.05.2009;Production       ;Janet King;2
Cornett; Lisa ;10094;Production Technician I;03/31/77;F;Married;01.05.2015;Production       ;Kelley Spirea;18
Costello; Frank;10193;Data Analyst;08/26/86;M ;Married;3/30/2015;IT/IS;Simon Roup;4
Crimmings;   Jean;10132;Production Technician I;04.10.1987;F;Single;07.06.2016;Production       ;Michael Albert;22
Cross; Noah;10083;Sr. Network Engineer;09.09.1965;M ;Single;11.10.2014;IT/IS;Peter Monroe;7
Daneault; Lynn;10099;Sales Manager;04/19/90;F;Single;05.05.2014;Sales;Debra Houlihan;15
Daniele; Ann  ;10212;Sr. Network Engineer;01/18/52;F;Married;11.10.2014;IT/IS;Peter Monroe;7
Darson; Jene'ya ;10056;Production Technician I;11.05.1978;F;Married;07.02.2012;Production       ;Elijiah Gray;16
Davis; Daniel;10143;Production Technician II;09/14/79;M ;Single;11.07.2011;Production       ;Kissy Sullivan;20
Dee; Randy;10311;Production Technician I;04/15/88;M ;Married;07.09.2018;Production       ;Brannon Miller;12
DeGweck;  James;10070;Production Technician I;10/31/77;M ;Married;5/16/2011;Production       ;Webster Butler;39
Del Bosque; Keyla;10155;Software Engineer;07.05.1979;F;Single;01.09.2012;Software Engineering;Alex Sweetwater;10
Delarge; Alex;10306;Area Sales Manager;11.02.1975;M ;Single;9/29/2014;Sales;John Smith;17
Demita; Carla;10100;Production Technician II;02/25/51;F;Separated;04.04.2011;Production       ;Kelley Spirea;18
Desimone; Carl ;10310;Production Technician I;04/19/67;M ;Married;07.07.2014;Production       ;Amy Dunn;11
DeVito; Tommy;10197;BI Developer;09.04.1983;M ;Single;2/15/2017;IT/IS;Brian Champaigne;13
Dickinson; Geoff ;10276;Production Technician I;11/15/82;M ;Single;05.12.2014;Production       ;Ketsia Liebig;19
Dietrich; Jenna  ;10304;Area Sales Manager;05/14/87;F;Single;2/20/2012;Sales;John Smith;17
DiNocco; Lily ;10284;Production Technician I;12.02.1978;F;Married;01.07.2013;Production       ;Brannon Miller;12
Dobrin; Denisa  S;10207;Production Technician I;10.07.1986;F;Single;04.02.2012;Production       ;David Stanley;14
Dolan; Linda;10133;IT Support;07/18/88;F;Married;01.05.2015;IT/IS;Peter Monroe;7
Dougall; Eric;10028;IT Manager - Support;07.09.1970;M ;Single;01.05.2014;IT/IS;Jennifer Zamora;5
Driver; Elle;10006;Area Sales Manager;11.08.1988;F;Single;01.10.2011;Sales;Lynn Daneault;21
Dunn; Amy  ;10105;Production Manager;11/28/73;F;Single;9/18/2014;Production       ;Janet King;2
Dunne; Amy;10211;Production Technician I;09/23/73;F;Married;4/26/2010;Production       ;Ketsia Liebig;19
Eaton; Marianne;10064;Production Technician I;09.05.1991;F;Married;04.04.2011;Production       ;Kissy Sullivan;20
Engdahl; Jean;10247;Production Technician I;05/31/74;M ;Single;11.10.2014;Production       ;Kelley Spirea;18
England; Rex;10235;Production Technician I;08/25/78;M ;Married;3/31/2014;Production       ;Kelley Spirea;18
Erilus; Angela;10299;Production Technician II;08/25/89;F;Separated;07.07.2014;Production       ;Michael Albert;22
Estremera; Miguel;10280;Production Technician I;09.02.1983;M ;Single;04.02.2012;Production       ;Michael Albert;22
Evensen; April;10296;Production Technician I;05.06.1989;F;Single;2/17/2014;Production       ;Elijiah Gray;16
Exantus; Susan;10290;Software Engineer;05/15/87;F;Married;05.02.2011;Software Engineering;Alex Sweetwater;10
Faller; Megan ;10263;Production Technician II;09/22/78;F;Married;07.07.2014;Production       ;Elijiah Gray;16
Fancett; Nicole;10136;Production Technician II;09/27/87;F;Single;2/17/2014;Production       ;Webster Butler;
Ferguson; Susan;10189;Production Technician I;04/14/55;F;Married;11.07.2011;Production       ;Webster Butler;39
Fernandes; Nilson  ;10308;Production Technician I;10/18/89;M ;Married;05.11.2015;Production       ;Amy Dunn;11
Fett; Boba;10309;Network Engineer;06/18/87;M ;Single;3/30/2015;IT/IS;Peter Monroe;7
Fidelia;  Libby;10049;Production Technician I;03/16/81;F;Married;01.09.2012;Production       ;Brannon Miller;12
Fitzpatrick; Michael  J;10093;Production Technician II;10.01.1981;M ;Single;5/16/2011;Production       ;Amy Dunn;11
Foreman; Tanya;10163;Production Technician II;11.08.1983;F;Married;04.04.2011;Production       ;Ketsia Liebig;19
Forrest; Alex;10305;Area Sales Manager;07.07.1975;M ;Married;9/29/2014;Sales;Lynn Daneault;21
Foss; Jason;10015;IT Director;07.05.1980;M ;Single;4/15/2011;IT/IS;Jennifer Zamora;5
Foster-Baker; Amy;10080;Sr. Accountant;04/16/79;F;Married;01.05.2009;Admin Offices;Board of Directors;9
Fraval; Maruk ;10258;Area Sales Manager;08/28/63;M ;Single;09.06.2011;Sales;Lynn Daneault;21
Galia; Lisa;10273;IT Support;07.06.1968;F;Single;05.01.2010;IT/IS;Eric Dougall;6
Garcia; Raul;10111;Production Technician I;09/15/85;M ;Single;3/30/2015;Production       ;David Stanley;14
Gaul; Barbara;10257;Production Technician I;12.02.1983;F;Single;5/16/2011;Production       ;Kelley Spirea;18
Gentry; Mildred;10159;Production Technician I;10.01.1990;F;Married;3/30/2015;Production       ;Michael Albert;22
Gerke; Melisa;10122;Production Technician I;05/15/70;F;Divorced;11.07.2011;Production       ;Elijiah Gray;16
Gill; Whitney  ;10142;Area Sales Manager;07.10.1971;F;Widowed;07.07.2014;Sales;John Smith;17
Gilles; Alex;10283;Production Technician I;08.09.1974;M ;Married;04.02.2012;Production       ;Webster Butler;39
Girifalco; Evelyn;10018;Production Technician I;05.08.1980;F;Single;9/29/2014;Production       ;Amy Dunn;11
Givens; Myriam;10255;Area Sales Manager;09/22/89;F;Single;2/16/2015;Sales;Lynn Daneault;21
Goble; Taisha;10246;Database Administrator;10/23/71;F;Single;2/16/2015;IT/IS;Simon Roup;4
Goeth; Amon;10228;IT Support;11/24/89;M ;Married;3/30/2015;IT/IS;Peter Monroe;7
Gold; Shenice  ;10243;Production Technician I;06/18/92;F;Single;11.11.2013;Production       ;Ketsia Liebig;19
Gonzalez; Cayo;10031;Production Technician I;09/29/69;M ;Divorced;07.11.2011;Production       ;Brannon Miller;12
Gonzalez; Juan;10300;Production Technician II;10.12.1964;M ;Married;4/26/2010;Production       ;Brannon Miller;12
Gonzalez; Maria;10101;IT Support;04/16/81;F;Separated;01.05.2015;IT/IS;Peter Monroe;7
Good; Susan;10237;Production Technician II;05/25/86;F;Married;05.12.2014;Production       ;David Stanley;14
Gordon; David;10051;Production Technician I;05/21/79;M ;Married;07.02.2012;Production       ;David Stanley;14
Gosciminski; Phylicia  ;10218;Production Technician II;12.08.1983;F;Separated;9/30/2013;Production       ;Kissy Sullivan;20
Goyal; Roxana;10256;Production Technician I;10.09.1974;F;Married;8/19/2013;Production       ;Kissy Sullivan;20
Gray; Elijiah  ;10098;Production Manager;07.11.1981;M ;Divorced;06.02.2015;Production       ;Janet King;2
Gross; Paula;10059;Production Technician I;05/21/83;F;Divorced;2/21/2011;Production       ;Kelley Spirea;18
Gruber; Hans;10234;BI Developer;06/30/89;M ;Married;4/20/2017;IT/IS;Brian Champaigne;13
Guilianno; Mike;10109;Area Sales Manager;02.09.1969;M ;Single;03.07.2012;Sales;John Smith;17
Handschiegl; Joanne;10125;Production Technician I;03/23/77;F;Married;11/28/2011;Production       ;Michael Albert;22
Hankard; Earnest;10074;Production Technician II;08.10.1988;M ;Single;11.11.2013;Production       ;Kelley Spirea;18
Harrington; Christie ;10097;Production Technician I;08/18/52;F;Single;01.09.2012;Production       ;Webster Butler;39
Harrison; Kara;10007;Production Technician I;05.02.1974;F;Married;05.12.2014;Production       ;Amy Dunn;11
Heitzman; Anthony;10129;Production Technician I;01.04.1984;M ;Single;8/13/2012;Production       ;Ketsia Liebig;19
Hendrickson; Trina;10075;Production Technician II;08/27/72;F;Single;01.10.2011;Production       ;Kelley Spirea;18
Hitchcock; Alfred;10167;Area Sales Manager;09/14/88;M ;Married;8/18/2014;Sales;John Smith;17
Homberger; Adrienne  J;10195;Production Technician II;02/16/84;F;Married;8/15/2011;Production       ;Michael Albert;30
Horton; Jayne;10112;Database Administrator;02/21/84;F;Single;3/30/2015;IT/IS;Simon Roup;4
Houlihan; Debra;10272;Director of Sales;03/17/66;F;Married;05.05.2014;Sales;Janet King;2
Howard; Estelle;10182;Administrative Assistant;09/16/85;F;Married;2/16/2015;Admin Offices;Brandon R. LeBlanc;1
Hudson; Jane;10248;Production Technician I;06.10.1986;F;Single;2/20/2012;Production       ;Ketsia Liebig;19
Hunts; Julissa;10201;Production Technician II;03.11.1984;F;Single;06.06.2016;Production       ;Elijiah Gray;16
Hutter; Rosalie;10214;Production Technician II;05.07.1992;F;Separated;06.05.2015;Production       ;Webster Butler;
Huynh; Ming;10160;Production Technician II;09/22/76;F;Divorced;2/21/2011;Production       ;Amy Dunn;11
Immediato; Walter;10289;Production Manager;11/15/76;M ;Married;2/21/2011;Production       ;Janet King;2
Ivey; Rose ;10139;Production Technician I;01/28/91;F;Single;8/19/2013;Production       ;Brannon Miller;12
Jackson; Maryellen;10227;Production Technician I;09.11.1972;F;Single;11.05.2012;Production       ;David Stanley;14
Jacobi; Hannah  ;10236;Production Technician I;03/22/66;F;Divorced;9/30/2013;Production       ;Kissy Sullivan;20
Jeannite; Tayana;10009;Production Technician II;11.06.1986;F;Divorced;07.05.2011;Production       ;Ketsia Liebig;19
Jhaveri; Sneha  ;10060;Production Technician I;04/13/64;F;Separated;01.06.2014;Production       ;Kelley Spirea;18
Johnson; George;10034;Production Technician I;08/19/59;M ;Married;11.07.2011;Production       ;Michael Albert;22
Johnson; Noelle ;10156;Database Administrator;11.07.1986;F;Married;01.05.2015;IT/IS;Simon Roup;4
Johnston; Yen;10036;Production Technician II;09.08.1969;F;Single;07.07.2014;Production       ;Brannon Miller;12
Jung; Judy  ;10138;Production Technician I;04/17/86;F;Married;01.10.2011;Production       ;Elijiah Gray;16
Kampew; Donysha;10244;Sales Manager;11.11.1989;F;Single;11.07.2011;Sales;Debra Houlihan;15
Keatts; Kramer ;10192;Production Technician I;01/19/76;M ;Single;9/30/2013;Production       ;Michael Albert;22
Khemmich; Bartholemew;10231;Area Sales Manager;11/27/79;M ;Single;8/19/2013;Sales;Lynn Daneault;21
King; Janet;10089;President & CEO;09/21/54;F;Married;07.02.2012;Executive Office;Board of Directors;9
Kinsella; Kathleen  ;10166;Production Technician I;12.08.1973;F;Married;9/26/2011;Production       ;Webster Butler;39
Kirill; Alexandra  ;10170;Production Technician I;10.08.1970;F;Married;9/26/2011;Production       ;Amy Dunn;11
Knapp; Bradley  J;10208;Production Technician I;11.10.1977;M ;Single;2/17/2014;Production       ;Ketsia Liebig;19
Kretschmer; John;10176;Production Technician I;02.02.1980;M ;Married;01.10.2011;Production       ;Brannon Miller;12
Kreuger; Freddy;10165;Area Sales Manager;02/24/69;M ;Single;03.07.2011;Sales;John Smith;17
Lajiri;  Jyoti;10113;Sr. Network Engineer;04/23/86;M ;Married;11.10.2014;IT/IS;Peter Monroe;7
Landa; Hans;10092;Production Manager;07.01.1972;M ;Married;01.10.2011;Production       ;Janet King;2
Langford; Lindsey;10106;Production Technician II;07/25/79;F;Divorced;01.07.2013;Production       ;David Stanley;14
Langton; Enrico;10052;Production Technician I;12.09.1986;M ;Married;07.09.2012;Production       ;David Stanley;14
LaRotonda; William  ;10038;Accountant I;04/26/84;M ;Divorced;01.06.2014;Admin Offices;Brandon R. LeBlanc;1
Latif; Mohammed;10249;Production Technician II;05.09.1984;M ;Married;04.02.2012;Production       ;Kissy Sullivan;20
Le; Binh;10232;Senior BI Developer;06/14/87;F;Single;10.02.2016;IT/IS;Brian Champaigne;13
Leach; Dallas;10087;Production Technician I;01/17/79;F;Single;9/26/2011;Production       ;Kissy Sullivan;20
LeBlanc; Brandon  R;10134;Shared Services Manager;06.10.1984;M ;Married;01.05.2016;Admin Offices;Janet King;2
Lecter; Hannibal;10251;Production Technician I;09.02.1982;M ;Married;5/14/2012;Production       ;Elijiah Gray;16
Leruth; Giovanni;10103;Area Sales Manager;12/27/88;M ;Separated;4/30/2012;Sales;John Smith;17
Liebig; Ketsia;10017;Production Manager;10/26/81;F;Married;9/30/2013;Production       ;Janet King;2
Linares; Marilyn ;10186;Production Technician I;03/26/81;F;Married;07.05.2011;Production       ;Michael Albert;22
Linden; Mathew;10137;Production Technician II;03/19/79;M ;Married;07.08.2013;Production       ;Kelley Spirea;18
Lindsay; Leonara ;10008;IT Support;10.05.1988;F;Single;1/21/2011;IT/IS;Eric Dougall;6
Lundy; Susan;10096;Production Technician II;12/26/76;F;Widowed;07.08.2013;Production       ;Michael Albert;22
Lunquist; Lisa;10035;Production Technician II;03/28/82;F;Single;8/19/2013;Production       ;Elijiah Gray;16
Lydon; Allison;10057;Production Technician I;10/22/75;F;Married;2/16/2015;Production       ;Elijiah Gray;16
Lynch; Lindsay;10004;Production Technician I;02/14/73;F;Single;11.07.2011;Production       ;Webster Butler;39
MacLennan; Samuel;10191;Production Technician I;11.09.1972;M ;Widowed;9/24/2012;Production       ;Amy Dunn;11
Mahoney; Lauren  ;10219;Production Technician I;07.07.1986;F;Single;01.06.2014;Production       ;Ketsia Liebig;19
Manchester; Robyn;10077;Production Technician II;08/25/76;F;Married;05.11.2016;Production       ;Webster Butler;
Mancuso; Karen;10073;Production Technician II;12.10.1986;F;Married;07.05.2011;Production       ;Amy Dunn;11
Mangal; Debbie;10279;Production Technician I;11.07.1974;F;Married;11.11.2013;Production       ;Brannon Miller;12
Martin; Sandra;10110;Software Engineer;11.07.1987;F;Single;11.11.2013;Software Engineering;Alex Sweetwater;10
Maurice; Shana;10053;Production Technician I;11/22/77;F;Married;5/31/2011;Production       ;David Stanley;14
Carthy; B'rigit;10076;Production Technician II;05/21/87;F;Single;3/30/2015;Production       ;Ketsia Liebig;19
Mckenna; Sandy;10145;Production Technician I;01.07.1987;F;Married;01.07.2013;Production       ;Kissy Sullivan;20
McKinzie; Jac;10202;Area Sales Manager;07.01.1984;M ;Married;07.06.2016;Sales;Lynn Daneault;21
Meads; Elizabeth;10128;Production Technician I;05/30/68;F;Single;04.02.2012;Production       ;Kelley Spirea;18
Medeiros; Jennifer;10068;Production Technician I;09/22/76;F;Single;3/30/2015;Production       ;Michael Albert;22
Miller; Brannon;10116;Production Manager;08.10.1981;M ;Single;8/16/2012;Production       ;Janet King;2
Miller; Ned;10298;Production Technician II;06/29/85;M ;Single;8/15/2011;Production       ;Brannon Miller;12
Monkfish; Erasumus;10213;Production Technician II;08/17/92;M ;Married;11.07.2011;Production       ;David Stanley;14
Monroe; Peter;10288;IT Manager - Infra;10.05.1986;M ;Married;2/15/2012;IT/IS;Jennifer Zamora;5
Monterro; Luisa;10025;Production Technician II;04/24/70;F;Single;5/13/2013;Production       ;Kissy Sullivan;20
Moran; Patrick;10223;Production Technician II;12.03.1976;M ;Single;01.09.2012;Production       ;Kelley Spirea;18
Morway; Tanya;10151;Network Engineer;04.04.1979;F;Married;2/16/2015;IT/IS;Peter Monroe;7
Motlagh;  Dawn;10254;Production Technician I;07.07.1984;F;Divorced;04.01.2013;Production       ;Elijiah Gray;16
Moumanil; Maliki ;10120;Production Technician II;12.01.1974;M ;Separated;5/13/2013;Production       ;Michael Albert;22
Myers; Michael;10216;Production Technician I;04/18/80;M ;Single;07.08.2013;Production       ;Kissy Sullivan;20
Navathe; Kurt;10079;Senior BI Developer;04/25/70;M ;Single;02.10.2017;IT/IS;Brian Champaigne;13
Ndzi; Colombui;10215;Production Technician I;05.02.1989;M ;Single;9/26/2011;Production       ;Webster Butler;39
Ndzi; Horia;10185;Production Technician I;03/28/83;M ;Married;04.01.2013;Production       ;Amy Dunn;11
Newman; Richard ;10063;Production Technician I;04.08.1977;M ;Married;05.12.2014;Production       ;Ketsia Liebig;19
Ngodup; Shari ;10037;Production Technician I;06.03.1967;F;Separated;04.01.2013;Production       ;Brannon Miller;12
Nguyen; Dheepa;10042;Area Sales Manager;03/31/89;F;Single;07.08.2013;Sales;Lynn Daneault;21
Nguyen; Lei-Ming;10206;Production Technician I;07.07.1984;F;Single;07.08.2013;Production       ;David Stanley;14
Nowlan; Kristie;10104;Production Technician II;11/23/85;F;Single;11.10.2014;Production       ;Elijiah Gray;16
O'hare; Lynn;10303;Production Technician I;09/30/80;F;Single;3/31/2014;Production       ;Kissy Sullivan;20
Oliver; Brooke ;10078;Production Technician II;02.11.1952;F;Married;5/14/2012;Production       ;Webster Butler;39
Onque; Jasmine;10121;Area Sales Manager;05.11.1990;F;Single;9/30/2013;Sales;Lynn Daneault;21
Osturnka; Adeel;10021;Production Technician I;12.11.1976;M ;Married;9/30/2013;Production       ;Kelley Spirea;18
Owad; Clinton;10281;Production Technician I;11/24/79;M ;Single;2/17/2014;Production       ;Michael Albert;22
Ozark; Travis;10041;Area Sales Manager;05/19/82;M ;Single;01.05.2015;Sales;John Smith;17
Panjwani; Nina;10148;Production Technician I;05.01.1979;F;Married;02.07.2011;Production       ;Elijiah Gray;16
Patronick; Lucas;10005;Software Engineer;02/20/79;M ;Single;11.07.2011;Software Engineering;Alex Sweetwater;10
Pearson; Randall;10259;Data Analyst;09.05.1984;M ;Married;12.01.2014;IT/IS;Simon Roup;4
Smith; Martin;10286;Production Technician I;03/17/88;M ;Single;01.10.2011;Production       ;Webster Butler;39
Pelletier; Ermine;10297;Production Technician II;07/18/89;F;Married;07.05.2011;Production       ;Amy Dunn;11
Perry; Shakira;10171;Production Technician I;07/20/86;F;Single;5/16/2011;Production       ;Amy Dunn;11
Peters; Lauren;10032;Production Technician II;08/17/86;F;Married;5/16/2011;Production       ;Ketsia Liebig;19
Peterson; Ebonee  ;10130;Production Manager;05.09.1977;F;Married;10/25/2010;Production       ;Janet King;2
Petingill; Shana  ;10217;Production Technician II;03.10.1979;F;Married;04.02.2012;Production       ;Brannon Miller;12
Petrowsky; Thelma;10016;Data Analyst;09/16/84;F;Married;11.10.2014;IT/IS;Simon Roup;4
Pham; Hong;10050;Production Technician I;03.06.1988;M ;Married;07.05.2011;Production       ;Brannon Miller;12
Pitt; Brad ;10164;Production Technician I;11/23/81;M ;Single;11.05.2007;Production       ;David Stanley;14
Potts; Xana;10124;Area Sales Manager;08/29/88;F;Married;01.09.2012;Sales;Lynn Daneault;21
Power; Morissa;10187;Production Technician I;10/15/84;F;Divorced;5/16/2011;Production       ;Kissy Sullivan;20
Punjabhi; Louis  ;10225;Production Technician I;06/19/61;M ;Single;01.06.2014;Production       ;Kelley Spirea;18
Purinton; Janine;10262;Production Technician I;09/22/70;F;Divorced;9/24/2012;Production       ;Kissy Sullivan;20
Quinn; Sean;10131;Software Engineer;11.06.1984;M ;Married;2/21/2011;Software Engineering;Janet King;2
Rachael; Maggie;10239;BI Developer;05.12.1980;F;Married;10.02.2016;IT/IS;Brian Champaigne;13
Rarrick; Quinn;10152;Production Technician I;12/31/84;M ;Divorced;9/26/2011;Production       ;Michael Albert;22
Ren; Kylo;10140;Area Sales Manager;10.12.1954;M ;Married;05.12.2014;Sales;John Smith;17
Rhoads; Thomas;10058;Production Technician I;07/22/82;M ;Divorced;5/16/2011;Production       ;Elijiah Gray;16
Rivera; Haley  ;10011;Production Technician I;01.12.1973;F;Married;11/28/2011;Production       ;Webster Butler;
Roberson; May;10230;Production Technician II;09.05.1981;F;Divorced;9/26/2011;Production       ;David Stanley;14
Robertson; Peter;10224;Production Technician II;07.03.1972;M ;Married;07.05.2011;Production       ;Kissy Sullivan;20
Robinson; Alain  ;10047;Production Technician I;01.07.1974;M ;Married;01.10.2011;Production       ;Amy Dunn;11
Robinson; Cherly;10285;Production Technician I;01.07.1985;F;Married;01.10.2011;Production       ;Ketsia Liebig;19
Robinson; Elias;10020;Production Technician I;01/28/85;M ;Widowed;07.08.2013;Production       ;Brannon Miller;12
Roby; Lori ;10162;Data Analyst;10.11.1981;F;Married;2/16/2015;IT/IS;Simon Roup;4
Roehrich; Bianca;10149;Principal Data Architect;05/27/73;F;Single;01.05.2015;IT/IS;Simon Roup;4
Roper; Katie;10086;Data Architect;11/21/72;F;Single;01.07.2017;IT/IS;Brian Champaigne;13
Rose; Ashley  ;10054;Production Technician I;12.05.1974;F;Separated;01.06.2014;Production       ;David Stanley;14
Rossetti; Bruno;10065;Production Technician I;03/18/87;M ;Single;04.04.2011;Production       ;Kissy Sullivan;20
Roup;Simon;10198;IT Manager - DB;04.05.1973;M ;Single;1/20/2013;IT/IS;Jennifer Zamora;5
Ruiz; Ricardo;10222;IT Manager - DB;01.04.1964;M ;Divorced;01.09.2012;IT/IS;Jennifer Zamora;5
Saada; Adell;10126;Software Engineer;07/24/86;F;Married;11.05.2012;Software Engineering;Alex Sweetwater;10
Saar-Beckles; Melinda;10295;Production Technician I;06.06.1968;F;Single;07.04.2016;Production       ;Kelley Spirea;18
Sadki; Nore  ;10260;Production Technician I;12/21/74;M ;Single;01.05.2009;Production       ;Michael Albert;22
Sahoo; Adil;10233;Production Technician II;04/26/86;M ;Married;8/30/2010;Production       ;Kelley Spirea;18
Salter; Jason;10229;Data Analyst ;12/17/87;M ;Divorced;01.05.2015;IT/IS;Simon Roup;4
Sander; Kamrin;10169;Production Technician I;07.10.1988;F;Married;9/29/2014;Production       ;Elijiah Gray;16
Sewkumar; Nori;10071;Production Technician I;03.10.1975;F;Single;9/30/2013;Production       ;Webster Butler;
Shepard; Anita ;10179;Network Engineer;04/14/81;F;Married;9/30/2014;IT/IS;Peter Monroe;7
Shields; Seffi;10091;Production Technician I;08/24/85;F;Married;8/19/2013;Production       ;Amy Dunn;11
Simard; Kramer;10178;Data Analyst;02.08.1970;M ;Married;01.05.2015;IT/IS;Simon Roup;4
Singh; Nan ;10039;Administrative Assistant;05/19/88;F;Single;05.01.2015;Admin Offices;Brandon R. LeBlanc;1
Sloan; Constance;10095;Production Technician II;11/25/87;F;Single;10/26/2009;Production       ;Michael Albert;22
Smith; Joe;10027;Production Technician II;10/30/63;M ;Single;9/29/2014;Production       ;Elijiah Gray;16
Smith; John;10291;Sales Manager;08/16/84;M ;Divorced;5/18/2014;Sales;Debra Houlihan;15
Smith; Leigh Ann;10153;Administrative Assistant;06/14/87;F;Married;9/26/2011;Admin Offices;Brandon R. LeBlanc;1
Smith; Sade;10157;Production Technician I;02.02.1965;F;Single;11.11.2013;Production       ;Ketsia Liebig;19
Soto; Julia ;10119;IT Support;03.12.1973;F;Married;06.10.2011;IT/IS;Eric Dougall;6
Soze; Keyser;10180;Sr. Network Engineer;02.09.1983;M ;Married;6/30/2016;IT/IS;Peter Monroe;7
Sparks; Taylor  ;10302;Production Technician I;07/20/68;F;Married;2/20/2012;Production       ;Brannon Miller;12
Spirea; Kelley;10090;Production Manager;09/30/75;F;Married;10.02.2012;Production       ;Janet King;2
Squatrito; Kristen;10030;Production Technician I;03/26/73;F;Divorced;5/13/2013;Production       ;David Stanley;14
Stanford;Barbara  M;10278;Production Technician I;08/25/82;F;Divorced;01.10.2011;Production       ;Kissy Sullivan;20
Stansfield; Norman;10307;Area Sales Manager;05.09.1974;M ;Married;05.12.2014;Sales;Lynn Daneault;21
Steans; Tyrone  ;10147;Accountant I;09.01.1986;M ;Single;9/29/2014;Admin Offices;Brandon R. LeBlanc;1
Stoica; Rick;10266;Production Technician I;03/14/85;M ;Married;2/17/2014;Production       ;Kelley Spirea;18
Strong; Caitrin;10241;Area Sales Manager;05.12.1989;F;Married;9/27/2010;Sales;John Smith;17
Sullivan; Kissy ;10158;Production Manager;03/28/78;F;Married;01.08.2009;Production       ;Janet King;2
Sullivan; Timothy;10117;Production Technician I;10.07.1982;M ;Married;01.05.2015;Production       ;Michael Albert;22
Sutwell; Barbara;10209;Production Technician I;08/15/68;F;Single;5/14/2012;Production       ;Elijiah Gray;16
Szabo; Andrew;10024;Software Engineer;05.06.1983;M ;Single;07.07.2014;Software Engineering;Alex Sweetwater;10
Tannen; Biff;10173;BI Developer;10/24/87;M ;Married;4/20/2017;IT/IS;Brian Champaigne;13
Tavares; Desiree  ;10221;Production Technician I;04.03.1975;F;Married;4/27/2009;Production       ;Webster Butler;39
Tejeda; Lenora ;10146;Production Technician II;05/24/53;F;Married;5/16/2011;Production       ;Elijiah Gray;16
Terry; Sharlene ;10161;Area Sales Manager;05.07.1965;F;Single;9/29/2014;Sales;Lynn Daneault;21
Theamstern; Sophia;10141;Production Technician I;05.09.1965;F;Single;07.05.2011;Production       ;Amy Dunn;11
Thibaud; Kenneth;10268;Production Technician II;09/16/75;M ;Widowed;6/25/2007;Production       ;Webster Butler;39
Tippett; Jeanette;10123;Production Technician I;06.05.1967;F;Divorced;2/18/2013;Production       ;Brannon Miller;12
Torrence; Jack;10013;Area Sales Manager;01/15/68;M ;Separated;01.09.2006;Sales;Lynn Daneault;21
Trang; Mei;10287;Production Technician I;05/16/83;F;Single;2/17/2014;Production       ;David Stanley;14
Tredinnick; Neville ;10044;Network Engineer;05.05.1988;M ;Married;01.05.2015;IT/IS;Peter Monroe;7
True; Edward;10102;Software Engineer;06/14/83;M ;Single;2/18/2013;Software Engineering;Alex Sweetwater;10
Trzeciak; Cybil;10270;Production Technician II;03/15/85;F;Single;01.10.2011;Production       ;Amy Dunn;11
Turpin; Jumil;10045;Network Engineer;03/31/69;M ;Married;3/30/2015;IT/IS;Peter Monroe;7
Valentin;Jackie;10205;Area Sales Manager;05/23/91;F;Married;07.05.2011;Sales;John Smith;17
Veera; Abdellah ;10014;Production Technician I;01/31/87;M ;Divorced;8/13/2012;Production       ;Kissy Sullivan;20
Vega; Vincent;10144;Production Manager;10.10.1968;M ;Divorced;08.01.2011;Production       ;Janet King;2
Villanueva; Noah;10253;Area Sales Manager;07.11.1989;M ;Single;03.05.2012;Sales;John Smith;17
Voldemort; Lord;10118;Database Administrator;08.07.1986;M ;Married;2/16/2015;IT/IS;Simon Roup;4
Volk; Colleen;10022;Production Technician I;06.03.1986;F;Married;9/26/2011;Production       ;Kelley Spirea;18
Von Massenbach; Anna;10183;Production Technician I;04.06.1985;F;Single;07.05.2015;Production       ;Michael Albert;22
Walker; Roger;10190;Production Technician II;02.10.1976;M ;Single;8/18/2014;Production       ;Ketsia Liebig;19
Wallace; Courtney  E;10274;Production Manager;11/14/55;F;Married;9/26/2011;Production       ;Janet King;2
Wallace; Theresa;10293;Production Technician I;08.02.1980;F;Single;8/13/2012;Production       ;Elijiah Gray;16
Wang; Charlie;10172;Senior BI Developer;07.08.1981;M ;Single;2/15/2017;IT/IS;Brian Champaigne;13
Warfield; Sarah;10127;Sr. Network Engineer;05.02.1978;F;Widowed;3/30/2015;IT/IS;Peter Monroe;7
Whittier; Scott;10072;Production Technician I;05/24/87;M ;Single;01.10.2011;Production       ;Webster Butler;39
Wilber; Barry;10048;Production Technician I;09.09.1965;M ;Married;5/16/2011;Production       ;Amy Dunn;11
Wilkes; Annie;10204;Production Technician I;07/30/83;F;Divorced;01.10.2011;Production       ;Ketsia Liebig;19
Williams; Jacquelyn  ;10264;Production Technician I;10.02.1969;F;Single;01.09.2012;Production       ;Ketsia Liebig;19
Winthrop; Jordan  ;10033;Production Technician II;11.07.1958;M ;Single;01.07.2013;Production       ;Brannon Miller;12
Wolk; Hang  T;10174;Production Technician II;04/20/85;F;Single;9/29/2014;Production       ;David Stanley;14
Woodson; Jason;10135;Production Technician II;05.11.1985;M ;Single;07.07.2014;Production       ;Kissy Sullivan;20
Ybarra; Catherine ;10301;Production Technician I;05.04.1982;F;Single;09.02.2008;Production       ;Brannon Miller;12
Zamora; Jennifer;10010;CIO;08/30/79;F;Single;04.10.2010;IT/IS;Janet King;2
Zhou; Julia;10043;Data Analyst;02/24/79;F;Single;3/30/2015;IT/IS;Simon Roup;4
Zima; Colleen;10271;Production Technician I;08/17/78;F;Widowed;9/29/2014;Production       ;David Stanley;14
